Date,Chitipa,Karonga,Rumphi,Mzuzu,Mzimba,Salima,Mchinji,Mitundu,Chimbiya,Lunzu,Mwanza,Liwonde,Luchenza,Mulanje,Chikwawa,Nsanje
2-Apr-18,93,107,112,102,85,110,98,103,97,127,127,120,130,127,120,133
3-Apr-18,95,105,112,102,85,110,98,100,97,123,127,120,123,123,120,135
4-Apr-18,95,105,112,102,85,110,98,100,97,123,127,120,123,123,120,135
5-Apr-18,95,105,112,98,85,110,97,100,97,123,127,120,123,123,120,133
6-Apr-18,100,105,112,102,85,103,97,100,97,120,123,117,120,120,120,130
7-Apr-18,95,103,113,95,85,100,98,100,97,120,123,117,120,120,120,133
9-Apr-18,95,103,113,95,85,100,97,100,93,120,123,113,120,120,120,133
10-Apr-18,93,103,117,95,82,100,100,100,93,120,123,113,120,120,110,133
11-Apr-18,95,105,117,95,82,103,100,100,93,120,125,107,120,103,110,130
12-Apr-18,83,105,117,95,82,110,100,100,97,120,123,107,120,103,110,130
13-Apr-18,83,105,117,95,82,113,100,100,100,120,123,107,120,105,110,130
14-Apr-18,82,105,117,95,82,113,100,100,97,120,123,107,120,107,110,130
16-Apr-18,83,105,117,98,85,110,100,100,93,120,123,107,120,140,110,130
17-Apr-18,83,105,117,98,75,110,100,100,93,120,123,107,120,140,110,130
18-Apr-18,82,104,113,97,82,110,100,100,93,120,123,103,120,113,110,123
19-Apr-18,83,104,113,97,82,110,100,100,93,120,123,103,120,113,110,123
20-Apr-18,83,104,113,97,82,110,100,100,93,120,123,105,120,113,110,123
21-Apr-18,83,103,110,97,82,110,100,100,93,120,123,103,120,113,110,120
23-Apr-18,83,100,113,97,82,110,100,100,93,120,123,103,120,115,110,120
24-Apr-18,83,105,113,93,82,110,100,100,93,120,123,103,103,113,110,120
25-Apr-18,85,105,110,93,82,110,100,100,92,120,123,107,103,113,110,120
26-Apr-18,85,105,110,93,82,110,100,100,90,110,123,110,105,113,110,113
27-Apr-18,85,117,105,93,82,107,100,100,93,110,123,110,93,113,110,113
28-Apr-18,74,117,105,93,82,107,100,100,93,110,123,110,93,113,110,115
30-Apr-18,74,109,105,93,82,107,100,100,90,110,123,115,93,115,110,113
1-May-18,74,109,107,93,85,107,100,100,90,110,123,110,93,110,110,113
2-May-18,72,106,107,93,82,103,100,100,90,110,123,103,90,107,110,113
3-May-18,72,106,107,93,83,103,100,107,87,110,117,103,90,107,110,113
4-May-18,70,105,107,93,83,103,100,107,87,110,110,103,87,107,110,115
5-May-18,72,105,107,93,83,105,100,107,87,110,110,105,87,107,110,115
7-May-18,72,103,103,93,83,100,100,107,90,110,117,103,87,107,110,113
8-May-18,72,104,100,93,83,100,100,107,87,110,117,103,87,107,105,113
9-May-18,72,104,100,83,82,100,100,107,87,110,117,100,87,107,105,110
10-May-18,72,104,100,83,82,100,100,107,90,110,117,100,87,107,105,110
11-May-18,72,104,100,83,82,100,100,107,87,110,120,100,87,110,105,110
12-May-18,72,104,100,83,82,100,100,107,87,110,120,100,87,107,105,110
14-May-18,70,104,97,83,78,100,100,107,87,110,117,100,87,107,105,110
15-May-18,72,104,97,90,82,100,100,107,87,110,117,100,90,107,105,110
16-May-18,72,104,100,90,82,100,93,100,87,110,117,100,87,107,100,107
17-May-18,72,103,100,90,82,100,93,100,90,110,117,100,87,107,100,107
18-May-18,72,103,100,85,78,100,93,100,90,110,117,100,87,107,100,107
19-May-18,70,103,100,87,78,100,93,100,90,110,117,100,90,110,100,107
21-May-18,70,103,97,87,78,100,93,100,93,110,117,100,87,107,100,107
22-May-18,70,103,97,87,78,100,93,100,93,110,117,100,87,107,100,107
23-May-18,70,103,97,87,78,100,97,100,90,110,117,100,80,107,100,107
24-May-18,70,103,98,87,78,100,93,100,83,110,117,100,80,107,100,107
25-May-18,72,103,100,87,78,100,90,100,83,110,117,100,80,107,100,110
26-May-18,72,103,103,90,78,103,87,100,83,110,117,100,97,107,100,107
28-May-18,70,103,100,95,75,105,87,100,87,110,117,100,97,107,100,107
29-May-18,73,103,100,93,72,103,87,100,87,110,117,100,100,107,100,100
30-May-18,73,103,100,93,77,103,90,100,87,110,117,100,100,107,100,100
1-Jun-18,73,103,100,90,77,103,90,100,83,110,113,100,100,107,100,100
2-Jun-18,73,103,98,88,80,107,90,100,83,110,113,100,100,107,100,100
4-Jun-18,73,103,97,90,80,100,90,103,80,110,110,100,100,107,100,100
5-Jun-18,72,103,97,90,80,100,87,103,77,110,110,100,100,107,100,100
6-Jun-18,70,101,97,85,80,100,90,103,78,110,110,100,100,107,100,100
7-Jun-18,70,103,97,88,78,100,90,110,80,110,110,110,100,107,100,100
8-Jun-18,72,103,97,88,78,100,90,110,83,110,110,113,100,107,100,100
9-Jun-18,75,103,97,88,78,100,90,110,83,110,110,113,100,107,100,100
11-Jun-18,75,103,98,88,78,100,93,110,87,110,110,113,103,107,100,100
12-Jun-18,78,103,98,88,78,100,93,110,87,110,110,113,103,107,100,100
13-Jun-18,78,103,97,87,77,100,93,110,83,110,110,113,110,100,100,100
14-Jun-18,75,103,100,87,82,100,93,117,90,110,113,113,110,100,100,100
15-Jun-18,75,103,100,93,78,100,100,117,93,110,113,113,110,100,100,100
16-Jun-18,75,103,100,93,78,100,100,117,95,110,113,113,110,100,100,100
18-Jun-18,75,103,100,105,80,100,100,117,93,110,113,113,110,100,100,100
19-Jun-18,75,103,103,103,78,100,100,117,93,110,113,113,113,100,100,100
20-Jun-18,75,108,103,103,80,100,100,117,102,110,117,113,113,100,100,100
21-Jun-18,75,108,107,103,82,100,107,117,100,110,117,113,117,100,100,100
22-Jun-18,75,108,107,103,80,120,113,120,102,110,117,113,117,110,100,100
23-Jun-18,75,108,110,103,80,120,100,117,102,117,117,113,117,110,100,100
25-Jun-18,73,108,113,103,82,120,107,120,105,120,117,113,120,110,100,100
26-Jun-18,75,108,113,100,82,120,120,120,105,120,117,113,120,110,100,100
27-Jun-18,75,108,113,100,82,120,120,120,105,120,117,110,120,107,100,100
28-Jun-18,75,108,110,100,78,120,120,120,102,120,117,113,120,107,100,100
29-Jun-18,75,108,110,100,80,120,120,120,102,120,117,113,120,107,100,103
30-Jun-18,75,108,108,100,80,120,120,120,102,120,117,115,120,110,100,103
2-Jul-18,75,108,112,98,80,120,120,120,102,120,117,113,120,107,100,105
3-Jul-18,75,108,112,98,80,120,120,120,103,120,117,110,120,107,100,105
4-Jul-18,75,108,112,98,80,120,120,120,102,120,117,113,120,100,100,100
5-Jul-18,73,105,117,98,90,127,120,120,102,120,117,113,123,123,100,100
6-Jul-18,75,107,117,98,90,123,120,120,103,120,120,113,123,123,100,100
7-Jul-18,75,105,113,98,90,123,120,120,103,120,120,113,123,123,100,100
9-Jul-18,73,105,113,98,87,130,120,120,103,120,120,113,123,123,100,100
10-Jul-18,77,105,117,103,92,133,120,120,107,120,120,113,127,123,100,100
11-Jul-18,77,105,117,103,92,133,120,120,110,130,120,113,133,123,110,100
12-Jul-18,77,104,115,103,92,137,120,120,111,130,120,113,133,120,105,100
13-Jul-18,77,104,112,103,92,137,120,120,111,130,123,113,133,120,110,100
14-Jul-18,75,101,112,103,92,137,120,120,111,130,123,113,133,120,110,100
16-Jul-18,75,101,118,107,92,137,120,120,112,130,130,113,133,120,110,100
17-Jul-18,75,101,118,107,92,137,120,120,112,130,130,113,137,117,105,100
18-Jul-18,77,103,118,107,92,137,120,120,112,130,130,127,137,117,120,123
19-Jul-18,77,103,117,107,92,140,120,120,110,130,130,127,137,117,120,127
20-Jul-18,75,103,117,108,92,140,120,120,110,130,130,128,137,117,120,127
21-Jul-18,81,103,117,108,92,140,120,120,110,130,130,128,137,117,120,127
23-Jul-18,81,100,117,108,92,127,120,117,110,130,130,123,137,117,120,123
24-Jul-18,83,100,117,108,92,127,120,120,110,130,130,127,137,117,120,123
25-Jul-18,85,101,117,107,93,127,120,120,110,130,130,127,140,140,120,137
26-Jul-18,81,101,117,107,93,133,120,120,108,130,130,127,140,140,130,133
27-Jul-18,81,99,117,107,93,133,120,120,108,130,130,127,140,140,130,133
28-Jul-18,81,100,117,107,93,133,120,120,110,130,130,130,140,140,130,133
30-Jul-18,81,100,117,107,93,133,120,120,110,130,130,127,137,140,130,133
1-Aug-18,81,100,117,107,88,133,120,120,110,130,130,123,137,140,130,135
2-Aug-18,81,100,120,107,88,133,120,120,110,140,130,127,137,140,130,133
3-Aug-18,81,99,120,107,90,133,120,120,110,140,130,127,137,140,130,133
4-Aug-18,81,99,120,105,90,135,120,120,110,140,130,127,137,140,130,133
6-Aug-18,81,98,120,103,92,133,120,120,110,140,130,127,140,140,130,133
7-Aug-18,83,98,120,103,90,133,120,120,110,140,130,127,140,140,130,133
8-Aug-18,83,99,120,103,90,133,120,120,110,140,130,127,140,143,130,133
9-Aug-18,81,99,117,103,90,133,120,120,107,140,130,127,140,143,130,133
10-Aug-18,81,99,117,103,90,133,120,120,107,140,130,127,140,143,130,133
11-Aug-18,81,99,110,103,90,133,120,120,107,140,130,127,140,143,130,133
13-Aug-18,83,100,120,103,87,133,120,120,107,140,130,127,137,143,130,133
14-Aug-18,85,100,120,103,87,133,120,120,110,140,130,127,137,143,130,133
15-Aug-18,85,100,120,103,87,133,120,120,110,140,130,127,140,143,130,133
16-Aug-18,85,100,120,103,87,137,120,120,110,140,130,127,140,143,130,135
17-Aug-18,85,100,120,103,87,137,120,120,110,140,130,127,140,143,130,133
18-Aug-18,85,100,120,103,83,137,120,120,110,140,133,127,140,143,130,133
20-Aug-18,85,99,120,103,83,137,120,120,110,140,137,127,140,143,130,133
21-Aug-18,85,99,120,103,83,137,120,120,109,140,137,127,140,143,130,133
22-Aug-18,85,99,120,103,85,137,120,120,115,140,137,130,140,143,130,140
23-Aug-18,85,99,120,103,85,137,120,120,113,140,137,133,140,143,135,140
24-Aug-18,87,99,120,103,85,137,120,120,113,140,133,133,140,143,135,140
25-Aug-18,87,99,120,105,85,137,120,120,113,140,133,133,140,143,140,140
27-Aug-18,87,100,122,103,85,137,120,120,115,140,137,133,140,143,140,140
28-Aug-18,87,100,122,103,85,137,120,120,115,140,137,133,140,143,140,140
29-Aug-18,87,100,123,103,87,137,120,120,115,140,137,133,140,143,140,140
30-Aug-18,87,100,123,103,88,137,120,117,113,140,137,133,140,143,140,147
31-Aug-18,87,100,123,103,88,137,120,117,113,140,137,133,140,143,140,147
1-Sep-18,87,100,123,103,87,137,120,117,113,140,137,137,140,147,140,147
3-Sep-18,87,100,123,107,87,137,120,117,115,140,137,137,140,147,140,147
4-Sep-18,87,100,123,107,87,140,120,117,117,140,137,137,140,147,140,147
5-Sep-18,87,100,123,107,92,140,120,120,117,140,137,137,140,147,140,147
6-Sep-18,87,100,125,107,92,140,120,120,117,140,137,137,143,147,140,147
7-Sep-18,87,100,123,107,93,140,120,120,117,140,137,143,147,147,140,147
8-Sep-18,87,100,123,107,95,140,120,120,117,140,137,143,147,147,140,147
10-Sep-18,87,99,123,107,93,140,120,123,117,140,137,143,147,147,140,147
11-Sep-18,87,99,123,107,93,140,120,123,117,140,137,143,147,147,140,147
12-Sep-18,85,99,123,107,90,140,120,120,117,140,137,143,140,147,140,147
13-Sep-18,84,99,123,107,93,140,120,120,117,140,137,143,140,143,140,143
14-Sep-18,84,99,122,107,90,140,120,123,117,140,137,143,140,144,140,140
15-Sep-18,84,99,122,107,90,140,120,123,117,140,137,143,140,145,140,140
17-Sep-18,84,99,122,107,92,140,120,123,117,140,137,143,140,143,140,140
18-Sep-18,86,99,122,107,92,140,120,123,115,140,150,143,140,143,140,140
19-Sep-18,84,99,122,107,92,140,120,123,115,140,150,143,140,143,140,140
20-Sep-18,84,99,113,107,92,140,120,123,115,140,150,143,140,143,140,140
21-Sep-18,86,99,118,107,90,140,120,120,115,140,150,143,140,143,140,140
22-Sep-18,86,99,118,107,90,140,120,120,115,140,150,143,140,143,140,140
24-Sep-18,86,98,118,107,90,140,120,120,115,140,150,143,140,145,140,140
25-Sep-18,86,99,118,110,92,140,120,120,115,140,150,143,140,143,140,140
1-Oct-18,84,104,118,110,95,140,120,120,110,140,150,143,140,143,140,140
2-Oct-18,84,104,118,110,95,140,120,120,112,140,150,143,140,143,140,140
3-Oct-18,84,104,118,110,93,140,120,120,111,140,160,143,140,147,140,140
4-Oct-18,84,104,118,110,93,140,120,120,111,140,160,143,140,147,140,140
5-Oct-18,84,105,122,110,93,140,120,120,111,140,163,143,140,147,140,140
6-Oct-18,84,106,122,110,93,140,120,120,111,140,163,143,140,147,140,140
8-Oct-18,84,106,122,110,95,140,120,120,110,140,160,143,140,147,140,140
9-Oct-18,85,104,123,110,95,140,120,120,110,143,160,143,140,147,140,140
10-Oct-18,85,104,123,110,95,140,120,120,110,143,160,143,140,147,140,140
11-Oct-18,87,104,123,110,95,140,120,120,110,143,160,143,140,147,140,140
12-Oct-18,88,104,123,110,95,140,120,120,110,143,160,143,140,147,140,140
13-Oct-18,88,104,123,110,95,140,120,120,110,143,160,143,140,147,140,140
15-Oct-18,88,104,123,110,95,140,120,120,112,140,160,143,140,143,140,140
16-Oct-18,88,104,123,110,95,140,120,120,112,140,163,143,140,143,140,140
17-Oct-18,82,104,118,112,95,140,118,120,112,140,163,143,140,143,140,140
18-Oct-18,82,103,118,112,95,140,118,120,114,140,163,140,140,143,140,140
19-Oct-18,82,103,115,112,95,140,118,120,114,140,163,140,140,143,140,140
20-Oct-18,80,103,115,112,95,140,118,120,114,140,163,140,140,143,140,140
22-Oct-18,80,101,117,108,95,140,118,120,116,140,163,140,140,143,140,140
23-Oct-18,78,101,117,108,95,140,118,120,117,140,163,140,140,143,140,140
24-Oct-18,78,101,110,108,95,140,118,120,117,140,163,140,140,143,140,140
26-Oct-18,80,103,115,108,93,140,115,120,117,140,160,140,140,143,140,140
27-Oct-18,80,103,115,108,93,140,115,120,117,140,160,140,140,143,140,140
29-Oct-18,80,103,115,110,95,140,115,120,117,140,160,140,140,143,140,140
30-Oct-18,80,103,115,110,95,140,115,120,115,140,160,140,140,143,140,140
31-Oct-18,80,103,115,110,95,140,115,120,115,140,160,140,140,143,140,140
1-Nov-18,80,101,115,110,95,140,115,120,113,147,160,143,143,143,150,143
2-Nov-18,80,101,115,110,98,140,115,120,113,143,160,143,143,143,145,143
3-Nov-18,80,101,115,110,98,140,115,120,113,143,160,143,143,143,145,143
5-Nov-18,80,100,118,110,98,140,115,123,113,143,160,143,143,143,140,143
6-Nov-18,80,100,118,110,98,140,115,123,115,143,160,143,147,143,140,143
7-Nov-18,80,100,118,110,98,140,115,123,122,147,160,143,147,143,140,143
8-Nov-18,80,100,120,110,98,143,115,123,122,147,160,143,147,143,140,143
9-Nov-18,80,100,120,110,98,143,115,130,122,147,160,143,147,153,140,143
10-Nov-18,80,100,120,110,98,143,115,130,122,147,160,143,147,153,140,143
12-Nov-18,80,100,120,112,100,143,118,133,120,150,160,147,147,153,140,140
13-Nov-18,80,101,120,112,100,143,118,133,120,150,160,147,150,153,140,140
14-Nov-18,80,101,120,112,100,143,120,137,123,150,160,147,150,155,140,140
15-Nov-18,80,101,120,113,100,143,120,140,123,150,160,147,150,153,140,140
16-Nov-18,80,101,120,112,100,153,125,140,123,150,160,147,150,153,140,140
17-Nov-18,80,101,110,108,97,153,125,140,123,150,160,147,150,153,140,140
19-Nov-18,80,101,120,108,97,153,130,140,127,150,160,147,150,153,140,140
20-Nov-18,80,103,120,110,103,153,130,140,131,150,160,147,150,153,140,140
21-Nov-18,80,103,120,110,103,153,128,140,131,150,160,147,150,153,140,140
22-Nov-18,80,103,120,110,103,153,128,140,131,150,160,147,150,153,140,140
23-Nov-18,80,103,120,110,107,153,128,140,131,150,160,155,150,153,140,140
24-Nov-18,80,103,120,113,107,153,128,140,131,150,160,153,150,153,140,140
26-Nov-18,82,103,120,113,107,153,128,140,131,150,160,153,150,153,140,150
27-Nov-18,83,107,122,113,107,153,133,140,132,150,163,153,150,155,140,150
28-Nov-18,83,107,122,113,107,157,138,140,132,150,163,153,150,153,140,150
29-Nov-18,83,107,122,113,107,157,138,140,132,150,163,153,150,153,140,150
30-Nov-18,85,107,122,113,107,157,138,140,133,150,163,153,150,153,140,150
1-Dec-18,85,107,122,113,107,157,138,140,133,150,163,153,150,153,140,150
3-Dec-18,93,111,122,113,103,157,145,150,138,150,173,153,150,157,140,150
4-Dec-18,95,111,122,117,105,160,145,150,138,150,173,153,150,157,140,150
5-Dec-18,95,111,113,117,105,160,145,150,138,150,173,153,150,157,140,150
6-Dec-18,103,111,118,118,105,160,148,150,139,150,173,153,150,157,140,160
7-Dec-18,105,113,120,122,107,160,150,150,139,150,177,157,150,157,150,163
8-Dec-18,105,113,120,122,107,160,150,150,139,150,177,160,150,157,150,163
10-Dec-18,102,121,120,127,107,160,145,147,139,153,177,160,157,157,150,150
11-Dec-18,104,121,120,127,107,160,145,147,142,153,177,160,157,167,150,150
12-Dec-18,104,121,123,127,107,160,145,147,142,155,177,160,167,167,150,150
13-Dec-18,105,120,123,127,107,175,145,147,142,160,177,160,167,173,150,160
14-Dec-18,105,120,123,127,107,177,145,147,146,160,177,160,167,173,150,160
15-Dec-18,105,120,123,127,107,177,145,147,146,160,177,160,167,173,150,160
17-Dec-18,105,120,125,127,110,177,145,147,147,160,190,160,167,173,150,160
18-Dec-18,105,120,125,127,110,177,145,147,147,160,190,167,167,173,150,160
19-Dec-18,105,121,125,128,110,180,145,147,148,160,187,167,167,173,150,160
20-Dec-18,105,121,125,130,110,180,150,147,148,160,187,167,167,173,150,160
21-Dec-18,105,121,125,130,110,180,150,147,148,163,187,170,167,173,150,167
22-Dec-18,105,121,125,130,110,180,150,147,148,163,187,170,170,173,150,167
24-Dec-18,105,121,127,130,117,180,150,160,148,165,200,170,170,173,150,167
25-Dec-18,105,121,127,130,117,180,150,160,148,165,200,170,170,173,150,167
26-Dec-18,105,121,127,130,117,180,150,160,150,170,200,170,170,173,150,167
27-Dec-18,105,125,130,130,117,170,153,160,150,170,200,170,170,173,150,167
28-Dec-18,105,126,130,130,117,170,153,160,150,170,200,170,170,175,160,170
29-Dec-18,105,126,130,130,117,170,153,160,150,170,200,170,170,175,160,173
31-Dec-18,105,126,130,130,117,173,153,160,150,170,200,170,170,173,165,173
1-Jan-19,105,126,130,130,117,173,153,160,150,170,200,170,170,173,165,173
2-Jan-19,105,128,135,130,117,173,153,160,150,170,200,170,170,173,170,173
3-Jan-19,105,128,135,130,117,173,153,160,150,170,200,170,170,173,170,173
4-Jan-19,105,128,140,130,120,173,153,160,150,170,200,170,170,173,170,173
5-Jan-19,105,130,140,130,120,173,153,160,150,170,200,170,170,173,170,173
7-Jan-19,100,130,142,130,123,177,155,160,150,170,200,170,170,175,170,173
8-Jan-19,105,130,142,130,123,177,155,163,150,170,200,170,170,173,170,173
9-Jan-19,122,135,142,150,127,170,155,163,157,170,200,170,170,173,170,157
10-Jan-19,122,135,142,150,127,170,155,165,157,170,200,170,170,173,170,157
11-Jan-19,122,143,142,148,137,170,155,167,170,170,200,170,170,173,170,163
12-Jan-19,122,143,142,148,137,170,155,167,170,170,200,170,170,173,170,163
14-Jan-19,122,143,142,148,137,170,158,170,170,170,200,170,170,173,170,163
15-Jan-19,122,139,140,148,140,170,160,167,170,170,193,170,170,173,170,160
16-Jan-19,120,139,143,150,140,170,160,167,163,170,183,170,170,175,180,170
17-Jan-19,120,139,143,150,140,170,158,167,157,170,183,170,170,177,190,183
18-Jan-19,122,141,143,150,140,170,158,167,155,170,183,170,170,177,190,183
19-Jan-19,122,141,143,150,140,170,158,167,155,170,183,170,170,177,190,183
21-Jan-19,127,139,143,150,140,170,155,167,155,170,183,163,170,177,195,183
22-Jan-19,127,139,143,150,140,170,155,167,155,170,183,163,170,177,195,183
23-Jan-19,127,139,145,150,140,170,158,167,155,170,183,163,170,177,195,183
24-Jan-19,127,139,145,150,140,170,158,167,155,177,183,163,170,180,195,183
25-Jan-19,129,139,145,150,140,170,158,167,155,177,183,163,170,180,200,183
26-Jan-19,129,139,143,150,137,180,158,163,153,177,183,170,187,180,195,183
28-Jan-19,129,139,143,150,138,180,158,163,153,180,183,170,187,180,195,183
29-Jan-19,129,139,143,150,138,180,158,163,157,180,193,170,187,180,195,183
30-Jan-19,129,139,143,150,133,180,158,163,153,180,193,170,190,180,195,183
31-Jan-19,130,139,145,150,133,180,160,163,160,180,200,170,190,180,195,173
1-Feb-19,130,139,147,150,133,180,160,163,160,180,200,170,190,180,195,173
2-Feb-19,130,139,147,150,133,180,160,163,160,180,200,170,190,180,200,173
4-Feb-19,130,139,147,150,137,180,160,163,160,200,200,170,190,180,195,170
5-Feb-19,132,138,147,150,137,180,160,167,163,200,200,180,190,180,195,180
6-Feb-19,132,138,145,150,138,180,160,167,163,200,200,180,190,180,195,180
7-Feb-19,131,138,147,150,137,180,160,167,163,200,200,180,190,180,195,180
8-Feb-19,131,138,145,150,137,197,160,167,163,200,200,180,190,180,200,180
9-Feb-19,137,140,145,150,137,197,160,167,163,200,200,180,190,180,200,180
11-Feb-19,137,138,145,150,137,197,160,173,177,200,200,180,190,177,200,180
12-Feb-19,137,139,145,150,137,197,163,173,173,200,200,180,190,177,200,180
13-Feb-19,138,140,145,150,137,197,163,173,173,200,200,180,190,177,200,180
14-Feb-19,138,140,145,157,137,197,163,173,177,200,203,180,190,177,200,180
15-Feb-19,140,140,147,160,140,207,163,173,180,200,203,180,190,177,200,180
16-Feb-19,140,140,147,160,140,207,163,173,180,200,203,180,190,177,200,180
18-Feb-19,140,143,147,160,140,193,163,177,180,200,217,180,190,177,200,180
19-Feb-19,139,143,150,160,140,193,163,177,183,200,217,180,190,177,200,180
20-Feb-19,139,143,150,160,140,193,163,177,183,200,217,180,190,177,200,180
21-Feb-19,139,143,150,160,140,193,163,180,187,200,217,180,190,177,200,180
22-Feb-19,139,143,150,160,140,193,163,183,187,200,213,180,190,177,200,180
23-Feb-19,139,143,150,160,140,193,163,183,187,200,213,180,190,177,200,180
25-Feb-19,139,145,150,160,140,207,163,187,187,200,213,183,200,177,200,227
26-Feb-19,139,145,150,160,140,207,163,190,187,200,213,183,197,177,200,213
27-Feb-19,139,145,150,160,140,200,163,190,187,200,213,183,197,180,200,213
28-Feb-19,139,145,150,160,140,200,163,190,187,200,213,183,197,187,200,213
1-Mar-19,139,145,150,160,140,200,165,190,187,200,207,183,197,187,200,213
2-Mar-19,139,145,150,160,140,200,168,190,187,200,207,183,197,187,200,213
4-Mar-19,139,140,150,160,138,193,168,190,193,200,207,183,197,187,200,213
5-Mar-19,136,140,150,160,138,193,170,190,193,200,207,183,197,187,200,213
6-Mar-19,134,140,150,160,138,193,170,193,200,200,207,183,197,187,200,213
7-Mar-19,134,140,150,160,140,193,170,193,200,200,207,183,197,180,200,213
8-Mar-19,134,140,150,160,140,193,170,193,200,200,207,183,197,180,200,213
9-Mar-19,134,140,150,160,140,193,170,193,200,200,207,185,197,180,200,210
11-Mar-19,134,143,150,160,140,193,170,203,200,200,213,183,200,180,200,240
12-Mar-19,134,143,150,160,140,193,170,203,200,220,220,183,220,180,220,240
13-Mar-19,134,145,150,157,157,207,170,203,203,220,220,183,220,180,220,240
14-Mar-19,134,145,152,157,158,207,173,203,203,220,220,183,220,180,220,240
15-Mar-19,134,143,152,160,158,207,173,203,203,220,220,183,220,180,220,240
16-Mar-19,134,143,152,160,158,207,173,203,203,220,220,185,220,180,220,240
18-Mar-19,140,143,152,160,155,207,173,203,203,220,213,183,207,180,220,240
19-Mar-19,140,143,152,160,155,207,173,203,203,220,213,183,210,180,200,240
20-Mar-19,140,143,152,160,155,207,173,203,203,220,213,187,210,180,200,240
21-Mar-19,140,143,152,160,155,207,173,203,203,220,213,187,200,180,200,240
22-Mar-19,153,143,152,160,155,207,173,203,203,220,200,187,200,180,200,240
23-Mar-19,155,143,152,160,155,207,173,203,203,220,200,187,200,180,200,240
25-Mar-19,155,143,152,160,155,207,170,200,203,220,200,187,200,160,200,147
26-Mar-19,153,143,152,157,155,207,170,200,203,220,200,187,200,160,200,147
27-Mar-19,153,148,152,157,155,200,170,200,203,220,200,187,200,160,200,147
28-Mar-19,153,148,152,172,160,200,173,153,203,220,200,187,200,160,200,147
29-Mar-19,153,148,153,168,160,193,175,153,203,200,200,187,200,160,200,147
30-Mar-19,153,148,153,168,160,193,175,153,203,200,200,203,200,160,200,147
1-Apr-19,142,143,153,168,155,193,175,153,203,200,200,203,200,160,200,147
2-Apr-19,142,143,153,168,155,193,175,153,203,200,200,220,200,160,200,150
3-Apr-19,142,140,153,168,153,193,173,180,207,200,200,220,200,160,200,150
4-Apr-19,142,140,157,168,153,200,173,173,207,200,200,220,200,160,200,150
5-Apr-19,160,148,162,168,155,200,173,173,200,200,193,220,200,160,210,150
6-Apr-19,160,148,162,168,155,200,165,173,200,200,193,220,200,160,210,150
8-Apr-19,160,148,162,168,155,193,165,173,200,200,193,220,200,157,210,127
9-Apr-19,160,148,155,168,155,193,158,173,187,200,193,213,200,157,220,127
10-Apr-19,140,148,152,168,155,193,163,173,187,200,193,213,200,157,220,127
11-Apr-19,140,148,152,175,163,193,163,173,187,200,193,213,200,157,210,127
12-Apr-19,140,148,152,178,163,193,163,173,187,200,193,213,200,157,210,167
13-Apr-19,140,148,152,178,163,193,163,173,187,200,193,210,200,157,210,167
14-Apr-19,140,140,147,177,167,187,163,173,187,200,167,213,200,157,210,167
16-Apr-19,140,140,147,177,163,177,163,163,183,200,167,213,200,157,210,167
17-Apr-19,140,140,147,177,163,177,160,163,183,200,167,213,200,157,210,167
18-Apr-19,140,140,147,177,163,173,160,147,183,180,167,200,200,157,210,170
19-Apr-19,140,140,147,177,163,170,158,143,173,180,167,177,150,157,210,170
20-Apr-19,140,140,147,178,163,170,158,143,173,180,167,177,150,160,210,170
22-Apr-19,137,133,147,150,157,170,155,143,173,180,167,177,150,157,200,170
23-Apr-19,133,133,147,150,157,170,155,143,173,180,167,177,150,157,200,153
24-Apr-19,130,133,147,150,157,170,155,143,173,177,167,177,150,157,200,153
25-Apr-19,140,133,138,150,150,170,155,143,173,177,167,177,150,157,200,153
26-Apr-19,140,131,138,147,150,170,155,143,160,177,167,177,150,157,200,153
27-Apr-19,140,131,138,147,150,170,155,143,160,177,167,177,150,157,180,153
29-Apr-19,140,131,142,147,150,170,155,140,160,177,167,177,150,157,180,153
30-Apr-19,140,131,142,147,150,170,155,140,160,175,167,177,150,157,180,153
1-May-19,140,131,142,147,153,170,155,170,160,173,167,177,155,157,180,177
2-May-19,140,131,135,153,153,170,155,170,160,173,167,177,150,157,180,177
3-May-19,140,131,135,153,153,170,155,170,160,173,167,177,150,157,180,177
4-May-19,140,131,140,153,150,170,155,170,160,173,167,177,150,157,180,177
6-May-19,140,131,140,153,150,170,155,170,160,173,167,177,150,157,180,177
7-May-19,140,131,140,153,150,170,155,170,160,173,167,177,180,157,180,177
8-May-19,140,131,140,153,150,170,155,170,160,173,167,177,180,160,180,177
9-May-19,140,170,140,153,150,170,150,170,160,173,167,177,180,160,180,177
10-May-19,140,170,140,153,150,170,150,170,160,173,167,177,180,160,180,177
11-May-19,140,170,128,153,150,170,150,170,160,170,167,177,180,160,180,177
13-May-19,140,170,128,150,150,170,150,170,173,170,167,177,187,160,180,177
14-May-19,140,170,128,150,150,170,150,170,173,170,167,177,187,160,180,177
15-May-19,140,170,143,150,150,170,150,170,173,170,167,177,193,160,180,177
16-May-19,140,170,143,150,150,170,150,170,173,170,167,177,193,160,180,177
17-May-19,140,170,143,150,150,170,150,170,170,170,167,177,193,160,180,177
18-May-19,140,170,143,150,150,170,150,170,170,170,167,177,193,160,180,177
20-May-19,140,170,143,150,150,170,148,170,183,167,167,177,193,160,180,177
21-May-19,140,170,143,150,150,170,145,170,183,167,167,180,193,160,180,177
22-May-19,140,170,143,150,150,170,143,170,183,167,167,180,193,160,180,177
23-May-19,140,170,143,150,150,170,143,170,183,167,167,180,193,160,180,175
24-May-19,140,170,143,150,150,170,148,170,183,167,160,180,193,160,180,173
25-May-19,140,170,143,150,150,170,148,170,183,167,160,180,193,160,180,173
27-May-19,140,170,143,150,153,170,148,170,183,167,160,180,193,160,180,173
28-May-19,140,170,143,150,153,170,148,170,183,163,160,180,193,160,180,180
29-May-19,140,170,143,150,153,170,150,167,183,163,160,180,193,160,180,180
30-May-19,140,170,143,150,153,170,150,167,183,163,160,180,193,160,180,180
31-May-19,140,170,143,150,153,170,148,167,183,163,160,180,193,160,180,180
1-Jun-19,140,170,143,150,153,170,148,167,183,163,160,180,193,160,180,180
3-Jun-19,140,170,143,150,153,170,148,167,183,163,160,180,193,160,180,180
4-Jun-19,140,170,143,150,153,170,150,167,183,160,160,180,193,160,180,180
5-Jun-19,140,170,143,150,153,170,150,167,183,160,160,180,193,160,180,180
6-Jun-19,140,170,143,150,153,177,148,167,183,160,160,180,193,160,180,180
7-Jun-19,140,170,143,150,153,177,148,167,183,160,160,180,193,160,180,180
8-Jun-19,140,170,143,150,153,177,148,167,183,160,160,180,193,160,180,180
10-Jun-19,140,170,143,150,153,177,148,167,183,157,160,180,193,160,180,180
11-Jun-19,140,170,143,150,153,177,148,170,180,153,160,180,193,160,180,180
12-Jun-19,140,170,143,150,150,177,148,170,180,153,160,180,193,160,180,180
13-Jun-19,140,170,143,150,150,177,148,170,180,160,160,180,193,160,180,163
14-Jun-19,140,170,143,150,150,177,148,170,180,160,160,180,193,160,180,163
15-Jun-19,140,170,143,150,150,177,148,170,180,160,160,180,193,160,180,163
17-Jun-19,140,170,143,150,150,177,150,170,180,160,160,180,193,160,180,163
18-Jun-19,140,170,143,150,150,177,150,170,180,160,157,180,193,160,180,163
19-Jun-19,140,170,143,150,150,177,150,170,180,160,157,180,193,160,180,163
20-Jun-19,140,170,143,150,150,177,150,170,180,160,157,180,193,160,180,163
21-Jun-19,140,170,143,150,150,163,150,170,180,160,157,180,193,160,180,163
22-Jun-19,140,170,143,150,150,163,150,170,180,160,157,180,193,160,180,163
24-Jun-19,140,170,143,150,150,163,150,170,180,160,157,180,193,160,180,163
25-Jun-19,140,170,143,150,150,163,150,170,180,160,157,180,193,160,180,200
26-Jun-19,140,170,143,150,150,163,150,170,180,160,157,180,193,160,180,200
27-Jun-19,140,170,143,150,150,163,150,170,180,160,157,180,193,160,180,200
28-Jun-19,140,170,143,150,150,160,150,170,180,160,157,180,193,160,180,200
29-Jun-19,140,170,143,150,150,160,150,170,180,160,157,180,193,160,180,200
1-Jul-19,140,170,143,150,147,160,150,170,180,160,157,180,193,160,180,200
2-Jul-19,140,170,143,150,147,160,153,170,173,180,157,187,193,160,180,200
3-Jul-19,140,170,143,150,147,160,153,170,173,180,157,190,193,160,180,200
4-Jul-19,140,170,143,150,147,160,153,170,173,180,157,190,193,160,180,200
5-Jul-19,140,170,143,150,147,160,153,170,173,180,157,190,193,160,180,200
6-Jul-19,140,170,143,150,147,160,153,170,173,180,160,200,193,160,200,200
8-Jul-19,140,170,143,150,147,160,153,170,173,180,160,200,193,160,200,200
9-Jul-19,137,135,143,150,143,160,170,170,177,200,180,200,200,180,200,207
10-Jul-19,137,139,143,150,143,160,170,170,180,200,180,200,200,180,200,207
11-Jul-19,137,139,143,150,143,160,170,170,180,200,180,200,200,180,200,207
12-Jul-19,137,140,143,147,143,160,180,170,178,200,200,200,200,200,200,207
13-Jul-19,133,140,147,147,143,160,180,170,178,198,200,200,200,200,200,207
15-Jul-19,133,141,147,147,143,197,193,170,175,198,200,200,200,200,200,207
16-Jul-19,133,141,145,145,143,197,195,173,175,198,200,200,200,200,200,207
17-Jul-19,133,141,142,145,143,197,195,180,177,198,200,200,200,200,200,237
18-Jul-19,133,143,142,150,143,197,200,180,177,240,200,200,200,200,200,237
19-Jul-19,133,143,142,150,143,197,200,180,180,240,200,200,200,200,200,237
20-Jul-19,133,144,142,150,143,197,200,180,180,240,200,200,200,200,200,237
22-Jul-19,133,153,143,150,143,200,203,200,190,240,200,240,200,200,200,237
23-Jul-19,147,153,143,150,143,200,203,200,193,240,200,240,200,240,200,237
24-Jul-19,147,153,143,150,143,200,203,200,200,240,200,240,200,240,200,240
25-Jul-19,150,153,143,150,147,200,203,200,200,240,200,240,200,240,200,240
27-Jul-19,157,159,158,150,160,207,216,220,200,247,203,243,200,240,250,240
28-Jul-19,157,159,158,150,160,207,216,220,200,247,203,243,200,240,250,240
29-Jul-19,157,159,158,150,160,207,221,220,200,247,207,243,200,240,250,240
30-Jul-19,157,159,158,150,160,207,221,220,200,250,207,247,200,240,250,240
31-Jul-19,160,159,158,150,160,207,221,220,200,250,207,250,200,240,250,240
1-Aug-19,160,159,158,150,160,207,221,220,200,250,207,250,200,240,250,240
2-Aug-19,160,168,158,157,160,207,221,213,203,250,203,250,200,240,250,240
3-Aug-19,160,168,158,170,160,207,221,213,203,250,203,250,200,240,250,240
5-Aug-19,160,168,158,170,157,220,221,200,203,250,203,247,213,240,250,240
6-Aug-19,160,168,158,170,157,220,221,200,203,250,203,245,223,240,250,240
7-Aug-19,160,168,158,170,157,220,221,200,203,220,203,243,223,220,250,240
8-Aug-19,160,168,158,170,157,220,221,190,200,220,203,243,220,220,250,240
9-Aug-19,160,168,155,170,157,227,216,193,195,220,207,243,220,220,250,240
10-Aug-19,160,168,155,170,157,227,216,193,193,220,207,243,220,220,250,240
12-Aug-19,160,165,168,170,157,227,216,197,192,220,227,243,220,220,250,257
13-Aug-19,160,165,168,170,157,227,221,197,190,220,227,243,220,220,250,257
14-Aug-19,160,165,175,175,157,233,221,200,197,227,227,240,220,220,250,257
15-Aug-19,160,165,175,175,157,233,218,200,200,233,227,240,220,220,250,257
16-Aug-19,160,165,175,172,163,233,218,200,197,233,227,240,220,220,250,257
17-Aug-19,160,165,172,172,163,233,218,200,197,240,227,240,220,220,250,240
19-Aug-19,160,165,172,172,163,233,218,200,195,240,233,240,220,220,250,247
20-Aug-19,160,165,172,172,173,233,218,200,195,240,240,240,220,237,250,247
21-Aug-19,160,165,172,172,173,233,218,200,200,240,240,240,220,237,250,247
22-Aug-19,160,164,172,172,173,233,218,200,208,240,240,240,220,230,250,247
23-Aug-19,160,164,172,172,173,233,218,203,208,240,240,240,220,233,250,247
24-Aug-19,160,164,172,172,173,233,218,203,208,240,240,240,220,233,250,247
26-Aug-19,160,164,172,172,173,233,218,203,208,240,240,240,240,233,250,247
27-Aug-19,160,164,172,182,180,233,218,207,210,240,240,240,240,233,250,247
28-Aug-19,160,163,172,182,180,233,218,207,212,247,240,240,240,233,250,247
29-Aug-19,160,163,172,182,180,233,218,207,212,247,240,240,240,233,250,247
30-Aug-19,160,163,172,182,180,233,218,207,213,247,240,240,240,237,250,247
31-Aug-19,160,163,172,182,180,233,218,207,213,247,240,240,240,235,250,247
2-Sep-19,160,164,172,180,180,233,218,207,213,248,240,240,240,237,250,247
3-Sep-19,160,175,172,180,180,233,218,213,212,248,240,240,240,237,250,250
4-Sep-19,160,175,172,180,180,233,218,213,210,243,240,240,240,260,250,247
5-Sep-19,160,175,172,180,180,233,218,213,210,243,240,240,240,260,250,247
6-Sep-19,160,175,172,180,180,233,220,217,210,243,240,240,240,260,250,247
7-Sep-19,160,175,172,180,180,233,220,217,210,243,240,240,240,260,250,247
9-Sep-19,160,175,172,180,183,233,220,217,210,243,240,240,240,260,250,247
10-Sep-19,160,175,173,180,180,233,220,217,210,250,240,240,240,260,250,247
11-Sep-19,160,175,173,180,180,233,220,220,210,250,240,240,240,260,250,247
12-Sep-19,160,175,173,180,180,233,220,220,210,250,240,240,240,260,250,253
13-Sep-19,160,175,173,180,180,233,220,220,210,250,240,240,240,250,250,253
14-Sep-19,160,175,173,180,180,233,220,220,210,250,240,240,240,250,250,253
16-Sep-19,160,175,173,180,180,233,220,220,208,250,240,240,240,250,250,253
17-Sep-19,160,175,173,182,180,233,220,220,208,250,240,240,240,250,250,253
18-Sep-19,160,175,173,182,180,233,220,220,203,250,247,240,240,250,250,253
19-Sep-19,171,175,173,182,180,237,220,220,203,250,247,240,240,250,250,253
20-Sep-19,171,175,173,182,180,237,220,220,203,250,247,240,240,250,250,253
21-Sep-19,171,175,173,182,180,237,220,220,203,250,247,240,240,250,250,253
23-Sep-19,171,175,173,183,180,237,220,220,200,250,247,240,240,300,250,253
24-Sep-19,171,175,173,183,180,240,220,220,200,243,247,240,240,300,250,253
25-Sep-19,171,175,173,183,180,243,220,220,203,243,247,240,240,300,250,243
26-Sep-19,171,175,173,183,180,243,220,220,207,243,247,240,240,300,250,243
27-Sep-19,171,175,173,183,180,243,220,220,207,240,247,240,240,300,250,243
28-Sep-19,171,175,173,183,180,243,220,220,207,240,247,240,240,300,250,243
30-Sep-19,171,175,173,183,180,243,220,220,208,240,247,240,240,300,250,243
1-Oct-19,171,175,180,180,180,243,220,220,208,240,247,240,240,300,250,243
2-Oct-19,223,202,180,180,180,243,220,220,208,240,247,240,240,300,250,243
3-Oct-19,223,202,180,180,180,243,220,220,208,240,247,240,240,300,250,243
4-Oct-19,223,203,177,180,180,243,220,220,210,240,260,240,240,300,250,243
5-Oct-19,223,203,177,180,180,243,220,220,210,240,260,240,240,300,250,243
7-Oct-19,223,203,177,180,180,243,220,220,210,240,260,240,240,300,250,243
9-Oct-19,211,204,177,180,180,243,220,223,218,241,260,240,240,300,250,260
10-Oct-19,211,204,177,180,180,243,220,227,218,241,260,240,240,283,250,260
11-Oct-19,211,204,177,180,180,243,220,230,218,241,260,240,240,283,250,260
12-Oct-19,211,204,177,180,180,243,220,230,218,241,260,240,240,283,250,260
14-Oct-19,211,204,177,180,180,243,220,230,218,241,260,240,240,283,250,243
15-Oct-19,211,204,177,180,180,243,220,230,218,242,260,240,240,283,250,243
16-Oct-19,211,203,178,180,180,243,220,230,218,241,260,240,240,283,250,243
17-Oct-19,211,203,178,180,180,243,220,230,218,241,260,240,240,283,250,243
18-Oct-19,191,203,178,180,187,243,220,230,223,241,260,240,240,283,250,243
19-Oct-19,191,203,178,180,187,243,220,230,225,241,260,240,240,283,250,245
21-Oct-19,191,203,178,180,187,243,220,230,225,241,260,240,240,283,250,247
22-Oct-19,191,198,178,180,187,243,220,230,225,240,260,240,240,283,250,247
23-Oct-19,191,198,178,180,190,243,220,230,225,240,260,240,240,283,250,247
24-Oct-19,191,198,178,180,190,253,220,233,227,247,260,240,240,283,250,243
25-Oct-19,191,205,178,183,200,253,220,240,230,250,260,240,240,283,250,243
26-Oct-19,191,205,178,183,200,253,220,240,230,250,260,240,240,283,250,243
28-Oct-19,191,205,178,183,200,253,220,240,232,250,260,240,240,283,250,243
29-Oct-19,191,205,178,183,200,253,220,240,232,250,260,240,240,283,250,240
30-Oct-19,191,205,178,183,200,253,220,240,232,250,260,240,243,283,250,240
31-Oct-19,191,205,178,183,200,253,220,240,232,250,260,240,243,283,250,240
1-Nov-19,191,205,178,183,200,253,220,240,232,250,260,240,243,283,250,240
2-Nov-19,191,205,178,183,200,253,220,240,232,250,260,240,243,283,250,240
4-Nov-19,191,205,178,183,200,253,220,240,232,250,260,240,243,283,250,240
5-Nov-19,191,205,178,183,200,253,220,240,235,250,260,240,243,283,250,240
6-Nov-19,191,205,178,183,200,253,220,240,235,250,260,240,243,283,250,240
7-Nov-19,191,205,178,183,200,253,220,240,235,250,260,240,243,283,250,240
8-Nov-19,191,205,178,183,200,253,220,240,235,250,260,240,243,283,250,240
9-Nov-19,191,210,180,187,200,253,220,240,235,250,260,240,243,283,250,240
11-Nov-19,191,210,180,187,200,253,220,240,235,250,260,240,243,283,250,243
12-Nov-19,191,210,180,190,200,253,220,240,235,250,260,240,243,283,250,243
13-Nov-19,191,210,203,190,197,253,220,240,260,250,300,250,243,283,250,250
14-Nov-19,191,205,203,190,197,253,220,240,258,250,300,250,243,283,250,250
15-Nov-19,191,205,203,190,197,253,220,240,258,250,300,250,243,283,250,250
16-Nov-19,191,205,203,190,197,253,220,240,258,250,300,250,250,300,250,250
18-Nov-19,191,211,202,190,197,280,250,240,260,250,300,250,300,300,250,250
19-Nov-19,191,211,202,190,197,287,250,240,263,290,300,270,300,300,250,250
20-Nov-19,191,211,202,190,197,287,250,240,263,290,300,293,300,300,250,250
21-Nov-19,191,211,202,190,197,287,250,250,263,290,300,293,300,300,250,250
22-Nov-19,191,211,202,190,197,287,250,253,263,290,300,293,300,300,250,250
23-Nov-19,191,211,202,190,197,287,250,260,263,290,300,293,300,300,250,250
25-Nov-19,191,211,202,190,197,287,250,260,263,300,300,293,300,300,250,250
26-Nov-19,191,211,202,190,197,287,250,260,263,300,300,293,300,300,250,250
27-Nov-19,191,211,203,190,213,287,260,263,270,300,300,293,300,300,250,250
28-Nov-19,191,211,203,190,213,287,260,263,270,300,300,293,300,300,250,250
29-Nov-19,191,211,203,190,220,287,260,263,267,300,300,293,300,300,250,250
30-Nov-19,191,211,203,190,220,287,260,263,267,300,300,300,300,300,250,250
2-Dec-19,191,211,203,190,220,287,260,263,267,300,300,300,300,300,250,250
3-Dec-19,191,209,203,212,220,287,260,270,270,300,300,300,300,300,250,250
4-Dec-19,191,211,203,212,220,287,260,270,273,300,300,300,300,300,250,250
5-Dec-19,191,211,203,212,220,287,260,270,273,300,300,300,300,300,250,250
6-Dec-19,191,211,203,212,220,287,260,270,273,300,300,300,300,300,250,250
7-Dec-19,191,211,203,212,220,287,260,270,277,300,300,300,300,300,250,250
9-Dec-19,191,211,222,212,220,287,260,270,277,300,307,300,300,300,250,250
10-Dec-19,191,220,222,212,220,287,260,270,280,300,307,300,300,300,250,250
11-Dec-19,191,218,222,212,220,287,260,270,280,300,320,300,300,300,250,253
12-Dec-19,200,218,222,212,220,287,260,270,280,300,320,300,300,300,250,253
13-Dec-19,200,220,222,212,220,280,260,270,280,300,320,300,300,300,250,253
14-Dec-19,200,220,222,212,220,280,260,270,280,300,320,300,300,300,250,253
16-Dec-19,200,220,222,212,220,280,260,270,280,300,320,300,300,300,250,300
17-Dec-19,230,216,218,212,220,300,260,270,268,300,320,300,300,300,250,300
18-Dec-19,230,216,218,212,230,300,260,270,273,300,307,300,300,300,250,300
19-Dec-19,230,216,218,213,230,300,260,270,273,300,307,297,300,300,250,300
20-Dec-19,230,216,218,213,230,300,260,270,273,300,300,297,300,300,250,300
21-Dec-19,230,216,218,213,230,300,260,270,273,300,300,297,300,300,250,300
23-Dec-19,230,216,218,213,230,300,260,270,273,300,300,297,300,300,250,300
24-Dec-19,230,216,218,213,230,300,260,270,280,300,300,297,300,300,250,300
25-Dec-19,230,216,218,213,230,300,260,270,280,300,300,295,300,300,250,300
26-Dec-19,223,216,218,213,230,300,260,270,280,300,300,297,300,300,250,300
27-Dec-19,223,230,220,213,230,300,273,270,280,310,313,297,300,300,280,300
28-Dec-19,223,230,220,213,230,300,273,270,280,310,313,297,300,300,280,300
30-Dec-19,230,230,220,213,230,300,273,270,280,310,313,297,300,300,280,300
31-Dec-19,230,230,220,213,230,300,273,270,280,310,313,297,300,300,280,300
1-Jan-20,230,230,220,213,230,300,275,270,280,310,313,300,300,300,280,300
2-Jan-20,230,250,220,213,230,313,283,320,293,310,360,300,327,340,320,300
3-Jan-20,230,250,220,213,230,313,283,320,293,310,360,300,327,340,320,300
4-Jan-20,230,250,220,213,230,313,283,320,293,330,360,320,327,340,320,300
6-Jan-20,230,250,220,213,230,313,283,320,300,330,360,320,327,340,320,360
7-Jan-20,230,250,220,213,230,313,283,320,300,330,360,320,327,340,320,360
8-Jan-20,230,250,220,213,230,313,283,320,300,330,360,320,327,340,320,360
9-Jan-20,230,250,225,250,250,313,295,317,317,340,347,320,327,340,320,360
10-Jan-20,230,250,225,250,250,313,295,317,317,340,347,320,327,340,320,360
11-Jan-20,227,250,225,250,240,347,295,320,317,340,347,320,327,345,345,360
13-Jan-20,227,250,225,250,240,353,295,327,308,340,357,320,327,345,345,360
14-Jan-20,227,250,225,250,240,353,295,330,308,340,360,320,327,345,345,360
15-Jan-20,227,250,225,250,240,353,295,330,308,340,360,320,327,345,345,360
16-Jan-20,227,250,225,250,237,353,295,330,320,360,373,320,327,345,345,360
17-Jan-20,230,250,225,250,237,353,295,330,320,360,373,320,340,345,350,360
18-Jan-20,230,250,225,250,237,353,295,330,320,360,373,320,340,345,350,360
20-Jan-20,230,255,238,250,243,360,298,327,323,360,367,320,340,345,350,360
21-Jan-20,230,255,238,250,243,360,298,330,323,360,367,320,340,345,350,360
22-Jan-20,230,255,238,250,243,367,298,330,323,360,367,320,347,345,350,360
23-Jan-20,227,263,238,250,237,367,298,320,313,360,367,320,347,345,350,340
24-Jan-20,227,263,238,250,237,367,298,320,313,360,367,320,347,345,350,340
25-Jan-20,227,263,238,250,237,367,298,320,313,360,367,320,347,345,350,340
27-Jan-20,227,263,238,250,237,367,298,320,313,360,367,320,347,345,350,340
28-Jan-20,227,263,238,250,237,367,298,320,313,360,367,320,347,345,350,340
29-Jan-20,227,263,238,250,237,367,298,320,313,360,367,320,347,345,350,340
30-Jan-20,227,263,270,250,237,367,298,320,313,360,367,320,360,345,400,360
31-Jan-20,227,263,270,250,237,367,298,320,313,360,367,320,360,345,400,360
1-Feb-20,230,263,270,250,237,367,300,320,320,360,367,320,360,345,400,360
3-Feb-20,230,263,260,250,247,367,300,320,320,370,353,320,357,345,400,360
4-Feb-20,230,263,260,250,252,367,300,320,320,370,353,320,357,345,400,360
5-Feb-20,230,268,260,250,252,367,298,320,330,370,353,360,357,345,400,360
6-Feb-20,230,268,260,250,252,367,298,320,330,370,353,360,357,345,400,360
7-Feb-20,230,281,262,250,252,367,291,323,330,370,345,360,357,360,375,360
8-Feb-20,287,279,278,280,252,353,286,323,327,370,345,360,357,360,375,360
10-Feb-20,290,273,278,280,252,347,286,323,288,370,345,360,357,360,375,353
11-Feb-20,290,273,278,280,252,347,286,330,288,370,345,360,357,360,375,353
12-Feb-20,290,273,278,280,252,347,286,330,288,370,345,360,357,360,375,353
13-Feb-20,290,273,322,280,252,342,286,330,287,370,345,360,357,360,375,353
14-Feb-20,290,273,322,290,245,342,286,327,292,370,345,360,357,360,375,353
15-Feb-20,290,273,322,290,245,342,286,327,292,370,345,360,357,360,375,353
17-Feb-20,290,273,322,290,245,342,286,327,292,370,345,360,357,360,375,353
18-Feb-20,290,273,321,290,285,342,281,327,290,340,345,360,357,315,375,353
19-Feb-20,290,273,321,298,285,342,283,327,293,340,345,360,357,315,375,353
20-Feb-20,290,273,321,298,285,342,283,327,293,340,345,360,357,315,375,353
21-Feb-20,290,273,321,298,285,342,283,323,293,340,345,360,357,315,375,353
22-Feb-20,290,289,321,298,285,342,283,323,293,325,347,360,357,315,375,353
24-Feb-20,290,286,329,290,285,315,283,330,293,340,347,360,275,315,375,353
25-Feb-20,290,286,329,290,285,315,283,330,293,340,347,360,275,315,375,353
26-Feb-20,290,286,329,290,285,315,283,325,293,340,347,360,273,315,375,353
27-Feb-20,290,286,329,290,285,315,283,325,293,340,347,360,273,315,375,353
28-Feb-20,290,283,321,288,285,320,284,325,300,340,347,360,273,315,375,353
29-Feb-20,280,279,321,288,285,320,284,325,300,340,347,360,273,315,375,353
2-Mar-20,280,274,329,288,278,320,284,328,302,340,347,360,273,315,375,353
3-Mar-20,273,277,322,288,285,320,286,328,302,350,347,360,273,315,375,353
4-Mar-20,293,277,322,290,285,320,286,330,305,350,347,360,273,315,375,353
5-Mar-20,293,277,322,290,285,320,286,330,305,350,347,360,273,315,375,353
6-Mar-20,293,277,322,290,285,320,286,330,305,350,347,360,273,315,375,353
7-Mar-20,293,277,322,290,285,320,286,330,305,350,347,360,273,315,375,353
9-Mar-20,287,278,321,290,287,318,293,330,308,350,343,360,273,315,375,353
10-Mar-20,287,278,305,293,280,313,278,330,307,270,323,333,273,315,375,353
11-Mar-20,287,266,305,298,280,307,278,330,297,290,323,333,273,315,350,353
12-Mar-20,287,266,305,298,280,307,278,330,297,290,313,333,273,305,350,353
13-Mar-20,277,266,305,298,280,307,278,330,297,290,313,333,273,305,350,353
14-Mar-20,277,266,305,298,280,307,278,330,297,290,313,333,273,305,350,353
16-Mar-20,277,266,288,298,275,293,271,330,298,290,313,333,273,275,350,353
17-Mar-20,277,266,288,298,265,287,253,330,273,285,313,333,273,275,375,353
18-Mar-20,277,266,288,298,265,287,253,300,273,269,313,333,273,275,375,230
19-Mar-20,277,266,267,298,250,287,246,225,263,220,313,333,273,230,375,230
20-Mar-20,277,266,267,298,250,287,246,225,263,220,313,333,273,230,375,230
21-Mar-20,277,258,263,298,250,287,246,200,263,220,313,333,273,230,275,230
23-Mar-20,277,258,263,298,250,287,246,200,265,220,313,333,273,230,275,230
24-Mar-20,277,258,263,298,250,287,246,200,265,220,313,333,273,230,275,230
25-Mar-20,277,258,263,298,250,248,244,175,258,220,260,225,273,230,275,230
26-Mar-20,277,258,263,298,250,248,244,175,258,220,260,218,273,230,275,230
27-Mar-20,277,258,263,298,250,215,244,150,258,173,260,160,167,170,200,153
28-Mar-20,277,258,263,298,250,215,244,150,258,173,260,160,167,170,200,153
30-Mar-20,277,258,240,278,205,215,200,173,223,173,160,160,150,170,200,153
31-Mar-20,277,258,240,278,205,215,200,193,223,173,160,160,150,170,200,153
1-Apr-20,268,240,232,264,199,200,200,193,210,167,160,160,150,170,200,153
2-Apr-20,170,240,232,213,198,200,200,193,210,167,160,150,150,170,200,153
3-Apr-20,170,240,232,213,198,200,200,193,208,160,160,150,150,170,200,153
4-Apr-20,167,240,232,213,188,200,200,193,205,160,160,150,150,170,200,153
6-Apr-20,160,189,230,213,188,200,200,193,205,160,160,150,150,170,200,153
7-Apr-20,160,189,230,213,188,200,200,200,205,160,160,150,150,170,200,153
8-Apr-20,160,189,230,213,188,200,200,200,200,160,160,150,150,170,200,153
9-Apr-20,160,180,230,208,187,200,200,200,200,160,160,150,150,170,200,153
10-Apr-20,160,180,213,200,150,147,200,200,200,160,160,150,150,170,200,153
11-Apr-20,160,180,213,200,150,147,200,200,203,160,160,150,150,170,200,153
13-Apr-20,160,180,213,200,150,147,200,200,193,160,160,150,150,170,200,153
14-Apr-20,160,180,178,208,150,147,200,200,173,160,160,150,150,170,200,153
15-Apr-20,160,180,173,208,150,147,200,150,170,160,160,150,150,170,200,153
16-Apr-20,160,180,173,208,150,147,200,150,170,160,160,150,150,170,200,153
17-Apr-20,160,180,173,208,150,147,200,150,173,160,160,150,150,170,200,153
18-Apr-20,160,180,173,208,150,147,200,150,173,160,160,150,150,170,200,153
20-Apr-20,160,183,173,208,150,160,200,150,150,160,160,150,150,170,200,153
21-Apr-20,160,183,173,208,144,160,200,150,150,170,160,150,150,170,200,153
22-Apr-20,160,183,173,208,144,160,200,160,150,170,160,150,150,170,200,153
23-Apr-20,160,183,180,208,144,153,178,160,150,170,160,150,150,170,200,153
24-Apr-20,160,183,180,208,144,153,178,160,150,170,160,150,150,170,200,153
25-Apr-20,160,183,180,208,144,153,178,160,150,170,160,150,150,170,200,153
27-Apr-20,160,175,180,208,142,153,178,160,150,170,160,150,150,170,200,153
28-Apr-20,160,174,172,167,142,153,178,160,150,170,160,150,150,170,200,153
29-Apr-20,160,174,172,167,150,153,178,160,150,170,160,150,150,170,200,153
30-Apr-20,160,168,158,167,147,153,178,160,150,170,160,150,150,170,200,153
1-May-20,160,168,158,167,147,153,178,160,150,170,160,150,150,170,200,153
2-May-20,160,168,158,167,147,153,178,160,150,170,160,150,150,170,200,153
4-May-20,160,168,158,167,147,153,178,160,150,170,160,150,150,170,200,153
5-May-20,160,168,158,167,147,153,175,160,150,170,160,150,150,170,200,153
6-May-20,160,168,158,167,147,153,175,160,150,170,160,150,150,170,200,160
7-May-20,160,168,158,167,147,153,175,160,150,170,160,150,150,170,200,160
8-May-20,160,171,158,167,147,153,178,160,150,170,160,150,150,170,200,160
9-May-20,160,171,158,167,147,153,178,160,150,170,160,150,150,170,200,160
11-May-20,160,171,158,167,147,153,178,160,150,170,160,150,150,170,200,180
12-May-20,160,171,158,167,147,153,178,160,150,170,160,150,150,170,200,180
13-May-20,130,171,142,167,147,153,178,160,148,170,160,150,150,170,200,180
14-May-20,130,171,142,167,147,153,178,160,150,170,160,150,160,170,200,180
15-May-20,130,171,142,167,147,153,178,160,150,170,160,150,160,170,200,180
16-May-20,130,171,142,167,147,153,178,160,150,170,160,150,160,170,200,180
18-May-20,130,171,142,167,147,153,178,160,150,180,160,150,160,170,200,180
19-May-20,130,171,142,167,147,153,178,160,150,180,160,150,160,170,200,180
20-May-20,130,174,142,167,145,153,178,160,148,160,197,150,160,170,200,163
21-May-20,130,174,142,167,145,153,178,160,148,160,197,150,160,170,200,163
22-May-20,130,174,142,167,145,153,178,160,148,160,197,150,160,170,200,163
23-May-20,130,174,142,167,145,153,178,160,148,160,197,150,160,170,200,163
25-May-20,130,174,143,167,145,157,178,160,148,160,200,150,160,170,200,163
26-May-20,130,174,143,160,143,157,178,160,149,160,200,200,160,170,200,163
27-May-20,130,174,143,160,143,157,178,160,149,160,200,200,160,170,200,163
28-May-20,130,174,143,160,143,157,178,163,149,160,200,200,160,170,200,163
29-May-20,130,174,143,160,143,157,178,170,149,160,200,200,160,170,200,163
30-May-20,130,174,143,160,143,157,178,170,149,160,200,200,160,170,200,170
1-Jun-20,130,174,143,160,143,160,178,170,149,160,200,200,160,170,200,170
2-Jun-20,130,174,143,160,143,160,178,170,149,160,200,200,160,170,200,170
3-Jun-20,130,174,182,143,143,160,178,170,147,160,200,183,160,170,200,170
4-Jun-20,133,174,182,143,143,160,178,170,143,165,200,183,160,200,200,193
5-Jun-20,133,174,182,143,143,160,178,170,145,165,200,183,183,200,200,193
6-Jun-20,133,174,182,143,143,160,178,170,145,165,200,183,183,200,200,200
8-Jun-20,133,174,182,143,143,160,178,170,145,165,200,183,190,200,200,200
9-Jun-20,133,171,182,143,143,160,170,163,145,165,200,183,190,200,200,200
10-Jun-20,133,171,183,143,143,160,170,163,145,165,200,183,190,200,200,200
11-Jun-20,133,171,183,143,143,160,170,167,145,165,200,183,190,200,200,200
12-Jun-20,133,171,183,143,143,160,170,167,145,165,200,180,193,200,200,200
13-Jun-20,133,171,183,143,143,160,170,167,145,165,200,180,193,200,200,200
15-Jun-20,133,171,183,143,143,160,170,167,145,165,200,180,193,200,200,200
16-Jun-20,133,170,183,143,145,160,170,167,145,165,200,180,200,200,200,200
17-Jun-20,133,170,183,143,145,160,168,167,140,165,200,180,200,200,200,200
18-Jun-20,133,170,183,143,145,160,168,167,140,165,200,180,200,200,200,200
19-Jun-20,133,170,183,143,145,160,168,170,140,165,200,180,200,200,200,200
20-Jun-20,133,170,163,143,145,160,168,170,140,165,200,180,200,200,200,200
22-Jun-20,133,170,165,143,145,160,168,170,140,165,200,180,200,200,200,200
23-Jun-20,133,170,165,143,145,160,168,170,140,165,200,180,200,200,200,200
24-Jun-20,133,170,165,143,145,160,168,170,140,165,200,180,200,200,200,200
25-Jun-20,133,170,165,143,145,160,168,170,140,165,200,180,200,200,200,200
26-Jun-20,133,173,165,143,145,160,170,163,140,165,200,180,200,200,200,200
27-Jun-20,133,173,165,143,145,160,170,163,140,165,200,180,200,200,200,200
29-Jun-20,133,173,165,143,147,160,170,167,140,165,200,180,200,200,200,200
30-Jun-20,133,173,165,143,147,160,170,170,140,165,200,180,200,200,200,193
1-Jul-20,133,173,165,150,148,160,170,170,140,165,200,180,200,200,200,193
2-Jul-20,133,173,165,150,148,160,170,170,140,165,200,180,200,200,200,193
3-Jul-20,133,173,165,150,148,160,170,170,140,165,200,180,200,200,200,193
4-Jul-20,133,173,165,150,148,160,170,170,140,165,200,180,200,200,200,193
6-Jul-20,133,173,165,150,148,160,170,170,140,165,200,180,200,200,200,193
7-Jul-20,133,140,162,150,147,173,160,170,142,165,187,180,200,200,200,193
8-Jul-20,133,140,162,150,147,173,160,170,142,165,187,180,200,200,200,193
9-Jul-20,133,140,162,150,147,173,160,170,142,165,187,180,200,200,200,193
10-Jul-20,140,140,157,150,147,173,160,170,145,165,187,180,200,200,200,197
11-Jul-20,140,140,157,150,147,173,160,170,145,165,187,180,200,200,200,197
13-Jul-20,140,140,157,150,147,173,160,170,145,165,187,180,200,200,200,197
14-Jul-20,140,140,157,150,147,173,160,170,145,165,187,180,200,200,200,197
15-Jul-20,120,140,152,150,143,163,160,163,145,165,193,200,200,200,200,200
16-Jul-20,120,140,152,150,143,163,160,163,145,165,193,200,200,200,200,200
17-Jul-20,120,140,153,150,143,163,160,163,145,165,193,200,200,200,200,200
18-Jul-20,120,140,153,150,143,163,160,163,145,165,193,200,200,200,200,200
20-Jul-20,120,140,153,150,143,163,160,163,145,165,193,200,200,200,200,200
21-Jul-20,137,140,165,143,142,177,160,163,145,170,193,200,200,200,200,200
22-Jul-20,137,140,165,143,142,177,160,167,145,170,193,200,200,200,200,200
23-Jul-20,137,140,165,143,142,177,160,167,145,170,193,200,200,200,200,200
24-Jul-20,137,140,165,143,142,177,160,167,145,170,193,200,200,200,200,200
25-Jul-20,137,140,165,143,143,177,160,167,145,170,193,200,200,200,200,200
27-Jul-20,137,140,165,143,143,177,160,167,145,170,193,200,200,200,200,200
28-Jul-20,137,140,165,150,143,177,160,167,145,170,193,200,200,200,200,200
29-Jul-20,137,140,165,150,143,177,160,167,145,170,193,200,200,200,200,200
30-Jul-20,140,140,165,150,143,177,160,170,145,170,193,200,200,200,200,200
31-Jul-20,140,140,165,150,143,177,160,170,145,170,193,200,200,200,200,200
1-Aug-20,140,139,153,150,140,177,160,167,150,180,193,200,200,200,200,200
3-Aug-20,140,135,153,150,140,177,160,167,150,180,193,200,200,200,200,200
4-Aug-20,140,135,153,150,140,177,160,160,150,180,197,200,200,200,200,200
5-Aug-20,140,135,153,150,140,177,160,160,150,180,197,200,200,200,200,200
6-Aug-20,140,135,153,150,140,180,160,160,150,180,200,200,200,200,200,200
7-Aug-20,140,135,153,150,140,180,160,160,150,180,200,200,200,200,200,200
8-Aug-20,140,136,150,148,142,180,155,160,150,180,200,200,200,200,200,200
10-Aug-20,140,136,150,148,142,180,155,160,150,180,200,200,200,200,200,200
11-Aug-20,140,136,150,148,142,180,155,160,150,180,200,200,200,200,200,200
12-Aug-20,140,136,150,148,142,180,153,160,150,180,200,200,200,200,200,200
13-Aug-20,140,136,152,148,142,180,153,160,150,180,200,200,200,200,200,200
14-Aug-20,140,136,152,150,142,180,153,160,150,180,200,200,200,200,200,200
15-Aug-20,140,136,152,150,142,180,153,160,150,180,200,200,200,200,200,200
17-Aug-20,140,136,152,150,142,180,153,160,150,180,200,200,200,200,200,200
18-Aug-20,140,136,152,150,142,180,153,160,150,180,200,200,200,200,200,200
19-Aug-20,140,144,143,150,140,170,155,160,151,180,183,200,200,200,200,200
20-Aug-20,140,141,143,150,140,170,158,160,152,180,183,180,200,200,200,200
21-Aug-20,140,141,143,150,140,170,158,160,152,180,177,180,200,200,200,200
22-Aug-20,140,141,143,150,140,170,158,160,152,180,180,180,200,200,200,200
24-Aug-20,140,141,143,150,140,173,158,160,152,190,180,180,200,200,200,200
25-Aug-20,140,141,143,150,140,173,158,160,152,190,180,180,200,200,200,200
26-Aug-20,140,141,143,150,140,173,158,163,152,190,180,180,200,200,200,200
27-Aug-20,140,141,143,150,140,173,158,163,152,195,180,180,200,200,200,197
28-Aug-20,140,141,143,150,140,173,158,163,152,195,180,180,200,200,200,197
29-Aug-20,140,141,143,150,140,173,158,163,153,195,180,180,200,200,200,197
1-Sep-20,140,143,143,150,140,173,158,167,155,195,180,180,200,200,200,197
2-Sep-20,140,143,143,150,140,180,160,170,155,195,193,180,200,200,200,197
3-Sep-20,140,143,143,150,140,180,160,170,155,195,193,180,200,200,200,197
4-Sep-20,140,143,143,150,140,180,163,170,155,195,193,180,200,200,200,197
5-Sep-20,140,143,143,150,140,180,163,170,155,195,193,180,200,200,200,197
7-Sep-20,140,143,143,150,140,180,163,170,155,195,193,180,200,200,200,197
8-Sep-20,140,143,143,150,140,180,163,170,155,195,193,180,200,200,200,197
9-Sep-20,140,140,140,150,143,187,165,170,156,195,193,180,200,200,200,197
10-Sep-20,140,140,140,150,143,187,165,170,156,195,193,180,200,200,200,197
11-Sep-20,140,140,140,150,143,187,165,170,156,195,193,180,200,200,200,197
12-Sep-20,140,140,140,150,143,187,165,170,156,195,193,180,200,200,200,197
14-Sep-20,140,140,143,150,147,187,170,173,167,195,193,200,200,200,200,197
15-Sep-20,140,140,143,150,147,187,170,180,167,195,193,200,200,200,200,197
16-Sep-20,140,140,143,150,147,187,170,180,167,195,193,200,200,200,200,197
17-Sep-20,140,140,143,150,147,187,170,180,167,195,193,200,200,200,200,197
18-Sep-20,140,140,143,150,147,187,170,180,167,195,193,200,200,200,200,197
19-Sep-20,140,140,143,150,147,187,170,180,167,195,193,200,200,200,200,197
21-Sep-20,140,145,143,150,147,200,180,180,175,200,233,200,200,200,200,197
22-Sep-20,140,145,143,150,147,200,180,180,175,200,233,200,200,200,200,197
23-Sep-20,140,145,143,150,147,200,180,180,175,200,233,200,200,200,200,197
24-Sep-20,140,145,143,150,147,200,180,180,175,200,233,200,200,200,200,197
25-Sep-20,140,150,143,150,147,200,180,180,175,200,233,200,200,200,200,197
26-Sep-20,140,150,143,150,147,200,180,180,175,200,233,200,200,200,200,197
28-Sep-20,140,150,143,150,147,200,180,180,175,200,233,200,200,200,200,197
29-Sep-20,140,150,143,150,147,200,180,180,175,200,233,200,200,200,200,197
1-Oct-20,140,150,143,150,150,200,180,180,175,200,233,200,200,200,200,197
2-Oct-20,140,150,143,150,150,200,180,180,175,200,233,200,200,200,200,197
3-Oct-20,140,150,143,150,150,200,180,180,175,200,233,200,200,200,200,197
5-Oct-20,140,150,147,150,150,200,180,180,175,200,233,200,200,200,200,197
6-Oct-20,140,150,147,150,150,200,180,180,175,200,233,200,200,200,200,197
7-Oct-20,140,150,147,150,150,200,180,180,175,200,233,200,200,200,200,197
8-Oct-20,140,150,150,150,150,220,180,180,180,200,250,200,200,200,200,197
9-Oct-20,140,150,150,150,150,220,180,180,180,200,250,200,200,200,200,197
10-Oct-20,140,150,150,150,150,220,180,180,180,200,250,200,200,200,200,197
12-Oct-20,140,150,148,150,150,220,180,180,180,200,250,200,200,200,200,197
13-Oct-20,140,150,148,150,150,220,180,180,180,200,250,200,200,200,200,197
14-Oct-20,140,150,148,150,150,220,180,180,180,200,250,200,200,225,200,197
15-Oct-20,140,150,148,150,150,220,180,180,180,200,250,200,200,225,200,197
16-Oct-20,140,150,148,150,150,220,180,180,180,220,250,200,200,225,200,197
17-Oct-20,140,150,148,150,150,220,180,180,180,220,250,200,200,225,200,197
19-Oct-20,140,150,148,150,150,220,180,180,180,220,250,200,200,225,200,197
20-Oct-20,140,150,150,150,150,220,180,180,180,220,250,200,200,225,200,200
21-Oct-20,150,150,150,150,150,220,180,180,180,220,250,200,200,225,200,250
22-Oct-20,150,150,150,150,150,220,180,180,180,220,250,200,200,225,200,250
23-Oct-20,150,150,150,150,150,220,180,180,180,220,250,200,200,225,200,250
24-Oct-20,150,150,150,150,150,220,180,180,180,220,250,200,200,225,200,250
26-Oct-20,150,150,150,150,150,220,180,180,180,250,250,200,200,225,200,250
27-Oct-20,150,150,150,150,150,220,180,180,180,250,250,200,200,225,200,250
28-Oct-20,150,150,150,150,150,220,180,180,180,250,250,200,200,225,200,250
29-Oct-20,150,150,150,150,150,220,180,180,180,250,250,200,200,225,200,250
30-Oct-20,150,150,150,150,150,220,180,180,180,250,250,200,200,225,200,250
31-Oct-20,150,150,150,150,150,220,180,180,177,250,233,200,200,225,220,220
2-Nov-20,150,150,150,150,143,220,180,180,177,250,233,200,200,225,220,220
3-Nov-20,150,150,150,150,143,220,180,180,177,250,233,200,200,225,220,220
4-Nov-20,150,150,150,150,143,220,180,180,177,250,233,200,200,225,220,220
5-Nov-20,150,150,150,150,143,220,180,180,177,250,233,200,200,225,220,220
6-Nov-20,150,150,150,150,150,220,180,180,180,250,233,200,200,225,220,220
7-Nov-20,150,150,150,150,150,220,180,180,180,250,233,200,200,225,220,220
9-Nov-20,150,150,150,150,150,220,180,180,180,250,233,200,200,225,220,220
10-Nov-20,150,150,150,150,150,220,180,180,180,250,233,200,200,225,220,220
11-Nov-20,150,150,150,150,150,220,180,180,183,250,233,200,200,225,220,207
12-Nov-20,150,150,150,150,150,220,180,180,183,250,233,200,200,225,220,207
13-Nov-20,150,150,150,150,150,220,180,180,183,250,233,200,200,225,220,207
14-Nov-20,150,150,150,150,150,220,180,180,183,250,233,200,200,225,220,207
16-Nov-20,150,150,150,150,145,220,180,180,183,250,233,200,200,225,220,207
17-Nov-20,150,160,150,150,145,220,180,180,183,250,233,200,200,225,220,207
18-Nov-20,150,160,150,150,145,220,180,180,183,250,233,200,200,225,220,207
19-Nov-20,150,160,150,150,145,220,180,180,190,250,233,200,200,225,220,207
20-Nov-20,150,160,150,150,147,220,180,180,190,250,233,200,200,225,220,207
21-Nov-20,150,160,150,150,147,220,180,180,190,250,233,200,200,225,220,207
23-Nov-20,150,160,150,150,147,220,180,180,190,250,233,200,200,225,220,207
24-Nov-20,150,153,147,160,147,193,178,180,158,207,233,200,200,220,220,207
25-Nov-20,150,153,147,160,147,193,180,180,160,207,233,200,200,220,220,207
26-Nov-20,150,153,147,160,147,193,180,180,160,207,233,200,200,220,220,207
27-Nov-20,150,153,147,160,147,193,180,180,163,207,233,200,200,220,220,207
28-Nov-20,150,153,147,160,147,193,180,180,163,207,233,200,200,220,220,207
30-Nov-20,150,153,147,160,150,193,180,180,163,207,233,200,200,220,220,207
1-Dec-20,150,153,147,160,150,193,180,180,163,220,233,200,200,220,220,207
2-Dec-20,150,153,147,160,150,193,180,180,163,220,233,200,200,220,220,207
3-Dec-20,150,153,147,160,150,193,180,180,163,220,233,200,200,220,220,207
4-Dec-20,150,153,147,160,150,193,180,180,163,220,233,200,200,220,220,207
5-Dec-20,150,153,147,160,150,193,180,180,170,220,233,200,200,220,220,207
7-Dec-20,150,160,150,160,150,200,180,180,170,220,240,200,200,220,220,207
8-Dec-20,150,160,150,160,150,200,180,180,170,220,240,200,200,220,220,207
9-Dec-20,150,160,150,160,150,200,180,180,170,220,240,200,200,220,220,207
10-Dec-20,150,160,150,160,150,200,180,180,170,220,240,200,200,220,220,207
11-Dec-20,150,160,150,160,150,200,180,180,170,220,240,200,200,220,220,207
12-Dec-20,150,160,150,160,150,200,180,180,170,220,240,200,200,220,220,207
14-Dec-20,200,200,180,180,173,200,180,180,170,220,240,200,200,220,220,220
15-Dec-20,200,200,180,180,173,200,180,180,170,220,240,200,200,220,220,220
16-Dec-20,200,200,180,180,173,200,180,180,170,220,240,200,200,220,220,220
17-Dec-20,200,200,180,180,173,200,180,180,170,220,240,200,200,220,220,220
18-Dec-20,200,200,180,180,173,200,180,180,170,220,240,200,200,220,220,220
19-Dec-20,200,200,180,180,173,200,180,180,170,220,240,200,200,220,220,220
21-Dec-20,200,200,180,180,173,200,185,190,177,230,240,200,220,220,220,220
22-Dec-20,200,200,180,180,173,200,185,190,177,230,240,200,220,220,220,220
23-Dec-20,200,200,180,180,173,200,185,190,177,230,240,200,220,220,220,220
24-Dec-20,200,200,180,180,173,200,185,190,180,230,240,200,220,220,220,220
25-Dec-20,200,200,180,180,173,200,185,190,180,230,250,200,220,220,220,220
26-Dec-20,200,200,180,180,173,200,188,190,180,230,250,200,220,220,220,220
28-Dec-20,200,200,180,180,173,200,188,190,180,230,250,200,220,220,220,220
29-Dec-20,200,200,180,180,177,200,188,190,180,230,250,200,220,220,220,220
30-Dec-20,200,200,180,180,177,200,188,190,180,230,250,200,220,220,220,220
31-Dec-20,200,200,180,180,177,200,188,190,180,230,250,200,220,220,220,220
1-Jan-21,200,180,178,180,167,210,188,187,180,230,250,210,220,220,220,233
2-Jan-21,200,180,178,180,167,210,188,187,180,230,250,210,220,220,220,233
4-Jan-21,200,180,178,180,167,210,188,187,180,240,250,210,230,220,220,233
5-Jan-21,200,180,178,180,167,210,188,187,180,240,250,210,230,220,220,233
6-Jan-21,200,180,178,180,167,210,188,187,180,240,250,210,230,220,220,233
7-Jan-21,200,180,178,180,167,210,188,187,180,240,250,210,230,220,220,233
8-Jan-21,200,190,178,180,200,217,188,187,182,240,250,210,230,220,220,233
9-Jan-21,200,190,178,180,200,217,188,187,182,240,250,210,230,220,220,233
11-Jan-21,200,190,178,180,200,217,188,187,182,240,250,210,230,220,220,233
12-Jan-21,200,190,178,180,200,220,188,183,182,240,240,210,230,220,220,233
13-Jan-21,200,190,178,180,200,220,188,183,182,240,240,210,230,220,220,233
14-Jan-21,200,190,180,180,200,220,188,183,182,240,240,210,230,220,220,233
15-Jan-21,200,190,180,180,200,220,188,183,182,240,240,210,230,220,220,233
16-Jan-21,200,190,180,180,200,220,188,183,182,240,240,210,230,220,220,233
18-Jan-21,200,190,180,180,200,220,188,183,183,240,240,210,230,220,220,233
19-Jan-21,200,190,180,180,200,220,188,183,183,230,240,210,230,220,220,233
20-Jan-21,200,190,180,180,200,230,188,183,173,230,220,210,230,220,220,233
21-Jan-21,200,190,180,180,200,230,188,183,173,230,220,210,230,220,220,233
22-Jan-21,200,190,180,180,200,230,188,183,173,230,220,210,230,220,220,233
23-Jan-21,200,190,180,180,200,230,188,183,173,230,220,210,230,220,220,233
25-Jan-21,200,190,180,180,200,230,188,183,173,230,220,210,230,220,220,233
26-Jan-21,200,190,180,180,200,230,188,183,173,230,220,210,230,220,220,233
27-Jan-21,200,185,160,180,167,230,180,180,170,200,207,200,200,200,220,233
28-Jan-21,200,185,160,180,167,230,180,180,170,200,207,200,200,200,220,233
29-Jan-21,200,185,160,180,167,230,180,180,170,200,207,200,200,200,220,233
30-Jan-21,200,185,160,180,167,230,180,180,170,200,207,200,200,200,220,230
1-Feb-21,200,185,160,180,167,230,180,180,170,200,207,200,200,200,220,230
2-Feb-21,200,185,160,180,167,230,180,180,170,200,207,200,200,200,220,230
3-Feb-21,200,185,160,180,167,230,180,180,170,200,207,200,200,200,220,230
4-Feb-21,200,185,160,180,167,230,180,180,170,200,207,200,200,200,220,230
5-Feb-21,200,185,160,180,167,220,180,180,170,200,207,200,200,200,220,220
6-Feb-21,200,185,160,180,167,220,180,180,170,200,207,200,200,200,220,220
8-Feb-21,150,168,153,180,167,200,164,173,152,190,173,180,200,205,220,200
9-Feb-21,150,168,153,180,167,200,164,173,152,190,173,180,200,205,220,200
10-Feb-21,150,168,153,180,167,200,164,173,152,190,173,180,200,205,220,200
11-Feb-21,150,168,153,180,167,200,164,173,152,190,173,180,197,205,210,200
12-Feb-21,150,168,153,180,167,200,164,173,152,190,173,180,197,205,210,200
13-Feb-21,150,168,153,180,162,200,164,173,150,190,173,180,197,210,210,197
15-Feb-21,150,168,153,180,162,200,164,173,150,190,173,180,197,210,210,197
16-Feb-21,150,168,153,180,162,200,164,173,150,190,173,180,197,210,210,197
17-Feb-21,150,168,153,180,162,200,164,173,150,190,173,180,197,210,205,197
18-Feb-21,150,168,153,180,162,200,164,173,150,190,173,180,197,210,205,197
19-Feb-21,153,168,153,180,162,200,164,173,150,190,173,180,197,210,205,197
20-Feb-21,153,168,153,180,162,200,164,173,150,190,173,180,197,210,205,197
22-Feb-21,153,168,153,180,165,200,164,173,150,190,173,180,193,210,210,197
23-Feb-21,153,168,153,180,165,200,164,173,150,190,173,180,193,210,210,197
24-Feb-21,153,168,153,180,165,200,164,173,150,190,173,180,193,210,210,197
26-Feb-21,153,168,153,180,165,200,164,173,150,190,173,180,193,210,210,197
27-Feb-21,153,168,153,180,165,200,164,173,150,190,173,180,193,210,210,197
